21,27,23,37,39,08,1/3/2013
33,31,19,23,28,15,1/5/2013
08,23,20,21,02,33,1/8/2013
42,39,03,30,15,41,1/10/2013
30,27,14,34,05,41,1/12/2013
22,18,09,10,05,01,1/15/2013
35,08,36,32,42,28,1/17/2013
40,26,22,04,35,10,1/19/2013
21,27,08,16,17,34,1/22/2013
34,41,12,24,33,19,1/24/2013
14,36,28,34,12,42,1/26/2013
35,41,23,14,30,36,1/29/2013
30,16,29,13,41,09,1/31/2013
11,42,40,27,31,18,2/2/2013
11,19,33,42,15,28,2/5/2013
09,42,02,22,17,19,2/7/2013
38,11,15,19,27,10,2/9/2013
17,30,13,39,05,19,2/12/2013
19,20,41,04,34,16,2/14/2013
37,01,28,08,12,06,2/16/2013
07,11,27,26,24,16,2/19/2013
33,10,30,09,02,20,2/21/2013
31,24,35,08,22,34,2/23/2013
16,17,24,05,22,26,2/26/2013
35,30,25,20,14,13,2/28/2013
16,07,05,20,02,40,3/2/2013
40,05,41,37,03,16,3/5/2013
08,38,11,26,18,40,3/7/2013
32,35,36,20,12,16,3/9/2013
34,02,42,21,31,26,3/12/2013
40,15,17,06,07,32,3/14/2013
14,17,29,04,38,30,3/16/2013
11,07,33,31,02,14,3/19/2013
29,21,25,30,16,35,3/21/2013
29,35,15,22,07,01,3/23/2013
41,31,32,38,03,20,3/26/2013
23,05,37,08,01,24,4/2/2013
39,40,31,06,04,27,4/4/2013
41,01,30,22,07,24,4/6/2013
31,27,24,30,29,05,4/9/2013
17,24,22,06,07,19,4/11/2013
22,11,03,24,18,39,4/13/2013
28,23,07,17,26,12,4/16/2013
24,08,16,31,18,33,4/18/2013
33,15,25,12,31,19,4/20/2013
30,33,14,37,39,13,4/23/2013
32,26,05,16,20,02,4/25/2013
40,03,06,19,14,39,4/27/2013
26,36,03,37,33,20,4/30/2013
28,18,16,12,02,05,5/2/2013
21,08,29,25,16,32,5/4/2013
35,04,15,01,10,38,5/7/2013
07,37,02,22,24,10,5/9/2013
09,01,31,34,14,20,5/11/2013
41,03,09,40,35,04,5/14/2013
13,07,24,22,11,03,5/16/2013
42,28,29,30,07,38,5/18/2013
11,35,22,34,31,04,5/21/2013
34,26,16,29,18,27,5/23/2013
32,20,27,04,24,16,5/25/2013
05,04,10,21,03,16,5/28/2013
04,31,13,30,08,32,5/30/2013
22,09,34,14,28,27,6/1/2013
34,15,31,33,04,11,6/4/2013
22,13,05,19,25,10,6/6/2013
22,21,27,33,07,30,6/8/2013
19,28,30,20,04,39,6/11/2013
33,09,30,18,14,22,6/13/2013
21,23,38,34,06,33,6/15/2013
35,32,24,36,19,28,6/18/2013
23,27,19,13,37,32,6/20/2013
17,01,35,04,14,07,6/22/2013
11,26,32,07,36,33,6/25/2013
38,27,32,35,22,08,6/27/2013
26,35,39,08,38,28,6/29/2013
25,07,27,08,16,10,7/2/2013
14,20,37,08,13,39,7/4/2013
13,20,23,25,27,28,7/6/2013
29,39,11,15,07,21,7/9/2013
15,27,08,16,37,14,7/11/2013
07,34,26,12,23,38,7/13/2013
24,29,01,27,03,42,7/16/2013
05,29,34,35,10,27,7/18/2013
09,08,38,03,36,02,7/20/2013
12,42,31,32,06,13,7/23/2013
25,22,21,04,19,07,7/25/2013
29,36,30,16,39,41,7/27/2013
30,27,14,10,35,20,7/30/2013
11,42,05,10,27,22,8/1/2013
06,41,14,37,40,35,8/3/2013
41,07,04,38,13,29,8/6/2013
20,40,29,24,07,08,8/8/2013
39,40,11,19,30,35,8/10/2013
19,08,30,40,15,18,8/13/2013
37,13,40,08,30,11,8/15/2013
37,11,25,35,08,32,8/17/2013
15,30,42,35,16,13,8/20/2013
01,10,18,08,06,42,8/22/2013
01,38,40,29,22,25,8/24/2013
39,18,38,02,35,16,8/27/2013
17,09,42,29,34,36,8/29/2013
20,05,41,35,02,28,8/31/2013
38,36,39,01,22,16,9/3/2013
31,11,35,06,40,23,9/5/2013
21,29,32,27,40,24,9/7/2013
16,13,15,17,36,28,9/10/2013
25,12,40,08,24,23,9/12/2013
01,34,09,28,31,30,9/14/2013
05,27,32,36,22,09,9/17/2013
38,37,21,42,16,35,9/19/2013
39,02,20,08,25,05,9/21/2013
31,11,33,34,22,14,9/24/2013
01,03,26,04,27,19,9/26/2013
26,40,38,18,02,35,9/28/2013
14,07,17,32,03,23,10/1/2013
09,31,11,38,33,18,10/3/2013
06,01,31,23,13,11,10/5/2013
04,24,31,37,03,19,10/8/2013
27,09,16,35,42,19,10/10/2013
09,37,06,39,36,13,10/12/2013
15,19,27,06,09,26,10/15/2013
25,35,39,18,23,40,10/17/2013
15,11,19,33,18,07,10/19/2013
21,38,35,15,39,10,10/22/2013
04,22,12,25,20,21,10/24/2013
29,20,28,35,16,11,10/26/2013
37,17,03,20,28,23,10/29/2013
07,35,14,30,06,04,10/31/2013
24,37,07,30,25,01,11/2/2013
32,17,30,08,20,11,11/5/2013
18,22,41,04,19,20,11/7/2013
28,30,02,03,08,42,11/9/2013
32,16,24,03,05,25,11/12/2013
14,39,15,18,42,04,11/14/2013
30,03,17,41,26,02,11/16/2013
32,26,10,40,41,36,11/19/2013
28,32,38,36,14,16,11/21/2013
18,35,17,40,15,30,11/23/2013
22,15,02,34,01,36,11/26/2013
32,10,12,08,20,26,11/28/2013
33,40,01,07,24,42,11/30/2013
03,23,06,15,20,25,12/3/2013
29,41,17,26,09,04,12/5/2013
30,02,11,16,18,03,12/7/2013
42,12,21,38,19,25,12/10/2013
37,18,04,32,15,21,12/12/2013
27,04,38,13,03,11,12/14/2013
18,01,10,34,24,35,12/17/2013
17,05,30,10,36,12,12/19/2013
25,02,38,04,32,34,12/21/2013
01,41,24,16,20,15,12/24/2013
29,41,20,36,40,03,12/26/2013
16,11,34,41,31,03,12/28/2013
29,14,41,19,38,37,12/31/2013
16,14,04,15,39,10,1/2/2014
18,26,07,33,40,06,1/4/2014
06,32,25,38,10,41,1/7/2014
21,13,19,27,20,23,1/9/2014
38,22,21,34,19,16,1/11/2014
08,24,37,42,36,14,1/14/2014
12,29,11,33,22,36,1/16/2014
08,27,25,03,41,26,1/18/2014
10,37,19,12,03,32,1/21/2014
09,03,11,22,40,15,1/23/2014
07,24,34,22,20,35,1/25/2014
31,19,27,17,20,12,1/28/2014
04,07,19,40,09,33,1/30/2014
11,21,12,04,20,08,2/1/2014
23,08,28,09,24,33,2/4/2014
01,09,32,37,33,05,2/6/2014
09,19,11,22,16,06,2/8/2014
22,41,35,20,29,42,2/11/2014
11,25,21,39,41,05,2/13/2014
34,31,16,03,29,12,2/15/2014
30,26,21,16,32,05,2/18/2014
08,06,20,35,26,10,2/20/2014
27,32,38,16,34,08,2/22/2014
32,40,06,21,37,14,2/25/2014
16,38,28,15,19,24,2/27/2014
29,21,03,04,02,31,3/1/2014
24,35,25,03,30,34,3/4/2014
04,26,21,39,09,10,3/6/2014
02,11,01,03,37,22,3/8/2014
25,40,38,12,06,34,3/11/2014
15,20,21,23,01,05,3/13/2014
26,22,25,04,19,12,3/15/2014
14,10,19,21,24,20,3/18/2014
10,16,08,11,13,32,3/20/2014
01,21,28,42,35,30,3/22/2014
06,15,05,18,24,27,3/25/2014
12,27,34,41,31,05,3/27/2014
07,13,23,29,32,16,3/29/2014
27,08,04,40,33,12,4/1/2014
01,36,23,31,03,25,4/3/2014
21,31,02,14,25,09,4/5/2014
05,30,37,02,28,14,4/8/2014
42,19,27,02,07,41,4/10/2014
33,13,40,28,39,41,4/12/2014
15,30,03,31,18,01,4/15/2014
11,33,05,22,30,41,4/22/2014
37,17,31,01,34,42,4/24/2014
18,20,27,26,32,13,4/26/2014
20,06,11,39,05,42,4/29/2014
34,40,29,41,37,28,5/1/2014
19,12,27,14,22,18,5/3/2014
33,41,20,12,03,10,5/6/2014
26,08,37,01,23,21,5/8/2014
34,29,19,24,22,13,5/10/2014
40,19,05,29,15,16,5/13/2014
39,07,20,27,42,10,5/15/2014
02,34,28,21,14,27,5/17/2014
19,34,26,14,20,18,5/20/2014
16,14,20,17,12,06,5/22/2014
38,41,11,31,18,05,5/24/2014
13,42,21,38,40,17,5/27/2014
10,05,12,30,04,31,5/29/2014
14,18,02,39,30,27,5/31/2014
23,28,09,04,05,17,6/3/2014
35,14,22,23,08,04,6/5/2014
31,17,30,38,33,26,6/7/2014
39,41,28,10,15,25,6/10/2014
04,33,17,27,41,23,6/12/2014
05,15,11,08,37,01,6/14/2014
33,38,24,14,27,18,6/17/2014
33,30,32,35,05,06,6/19/2014
21,38,14,12,17,26,6/21/2014
26,04,23,05,36,29,6/24/2014
30,16,18,31,13,27,6/26/2014
27,01,29,04,06,18,6/28/2014
39,22,30,06,32,37,7/1/2014
40,30,06,04,02,22,7/3/2014
39,21,11,27,08,37,7/5/2014
17,26,38,15,04,37,7/8/2014
26,33,20,31,18,23,7/10/2014
23,39,34,03,38,32,7/12/2014
19,01,17,31,12,07,7/15/2014
31,36,02,04,21,34,7/17/2014
26,35,29,03,15,42,7/19/2014
31,23,40,18,21,04,7/22/2014
37,16,05,24,03,15,7/24/2014
26,38,33,41,06,11,7/26/2014
36,40,04,28,10,33,7/29/2014
09,17,35,23,29,22,7/31/2014
09,19,31,36,05,21,8/2/2014
24,03,39,18,13,36,8/5/2014
21,22,03,26,31,38,8/7/2014
16,38,31,17,37,41,8/9/2014
33,31,05,11,40,20,8/12/2014
34,32,27,29,20,05,8/14/2014
40,22,08,26,19,38,8/16/2014
28,02,01,40,17,32,8/19/2014
38,32,27,34,35,12,8/21/2014
16,28,13,15,09,08,8/23/2014
34,28,07,24,01,42,8/26/2014
42,07,35,24,38,30,8/28/2014
10,12,28,05,17,09,8/30/2014
22,29,04,40,28,08,9/2/2014
01,29,04,41,28,24,9/4/2014
27,42,40,39,21,15,9/6/2014
36,20,01,24,13,12,9/9/2014
19,39,30,25,22,20,9/11/2014
29,41,07,22,16,28,9/13/2014
18,20,26,35,03,22,9/16/2014
41,35,02,19,37,04,9/18/2014
29,24,01,02,08,20,9/20/2014
07,08,42,20,26,36,9/23/2014
40,37,10,01,21,12,9/25/2014
39,41,01,31,38,25,9/27/2014
25,15,42,01,20,30,9/30/2014
40,09,36,31,21,41,10/2/2014
35,11,32,10,01,34,10/4/2014
16,14,24,35,19,25,10/7/2014
07,06,26,17,01,11,10/9/2014
34,12,04,15,33,35,10/11/2014
37,02,34,12,19,07,10/14/2014
02,35,19,12,39,04,10/16/2014
10,03,42,38,20,15,10/18/2014
13,30,28,09,42,05,10/21/2014
41,23,17,14,02,04,10/23/2014
40,07,14,37,05,06,10/25/2014
11,32,19,26,14,10,10/28/2014
32,28,14,12,40,27,10/30/2014
11,08,37,30,09,21,11/1/2014
37,35,1,2,39,4,11/4/2014
27,42,40,34,07,33,11/6/2014
19,22,25,27,38,05,11/8/2014
21,02,09,15,30,20,11/11/2014
13,20,41,40,23,35,11/13/2014
13,10,31,14,20,23,11/15/2014
23,20,34,19,29,26,11/18/2014
37,02,17,03,07,09,11/20/2014
21,37,36,02,30,24,11/22/2014
03,41,02,33,07,38,11/25/2014
29,34,14,30,19,23,11/27/2014
09,36,14,38,21,33,11/29/2014
09,10,15,27,18,20,12/2/2014
28,09,30,34,40,41,12/4/2014
17,34,41,35,42,10,12/6/2014
02,39,33,16,35,25,12/9/2014
34,26,31,02,20,16,12/11/2014
20,02,07,42,31,01,12/13/2014
39,38,07,35,02,37,12/16/2014
07,35,15,12,06,28,12/18/2014
10,12,29,23,35,41,12/20/2014
11,04,09,29,37,24,12/23/2014
10,25,33,41,40,18,12/27/2014
36,27,13,01,10,03,12/30/2014
28,39,29,06,32,41,1/3/2015
15,37,36,11,10,24,1/6/2015
36,30,04,35,41,19,1/8/2015
23,06,05,26,40,39,1/10/2015
34,24,29,30,09,25,1/13/2015
41,15,27,04,01,07,1/15/2015
36,06,33,42,39,01,1/17/2015
15,40,24,37,33,30,1/20/2015
25,02,36,29,03,23,1/22/2015
03,23,20,22,34,19,1/24/2015
08,07,09,20,02,41,1/27/2015
9,19,14,41,21,11,1/29/2015
24,39,25,06,38,23,1/31/2015
38,22,26,13,05,11,2/3/2015
26,21,13,33,09,27,2/5/2015
17,19,29,12,41,26,2/7/2015
36,30,05,06,24,15,2/10/2015
21,12,19,18,22,42,2/12/2015
17,29,10,20,19,05,2/14/2015
15,22,05,37,40,31,2/17/2015
09,15,23,13,42,25,2/19/2015
27,13,10,26,02,41,2/21/2015
30,21,42,04,06,15,2/24/2015
31,15,07,09,40,21,2/26/2015
06,22,19,04,39,11,2/28/2015
07,25,12,27,42,33,3/3/2015
12,21,16,10,15,26,3/5/2015
31,01,32,42,05,17,3/7/2015
36,24,17,34,37,39,3/10/2015
01,12,40,23,25,13,3/12/2015
06,17,28,04,22,10,3/14/2015
01,20,42,39,15,16,3/19/2015
27,38,14,34,12,41,3/21/2015
34,25,38,35,19,13,3/26/2015
19,10,05,37,16,03,3/28/2015
38,37,13,12,28,21,3/31/2015
32,27,36,40,11,08,4/7/2015
31,28,41,39,34,18,4/9/2015
18,35,33,32,08,11,4/11/2015
10,25,42,30,40,15,4/14/2015
13,25,17,12,26,33,4/16/2015
40,11,19,10,38,12,3/17/2015
17,15,39,32,26,16,3/24/2015
29,05,28,01,24,08,4/18/2015
15,39,42,12,02,17,4/21/2015
28,42,39,36,35,26,4/23/2015
06,22,23,13,41,02,4/25/2015
16,35,08,40,11,38,4/28/2015
34,23,04,28,25,11,4/30/2015
12,42,16,04,11,08,5/2/2015
39,27,40,16,26,21,5/5/2015
26,22,07,02,24,37,5/7/2015
30,19,01,03,06,15,5/9/2015
26,17,41,08,04,32,5/12/2015
02,16,33,08,21,26,5/14/2015
16,31,17,10,02,42,5/16/2015
22,02,13,04,38,06,5/19/2015
29,04,08,10,14,33,5/21/2015
29,27,33,32,41,36,5/23/2015
13,33,26,14,18,42,5/26/2015
02,21,27,40,31,14,5/28/2015
20,02,10,15,25,39,5/30/2015
16,29,20,12,03,01,6/2/2015
12,05,41,19,31,38,6/4/2015
26,38,42,14,10,31,6/6/2015
29,34,07,19,20,32,6/9/2015
06,08,20,13,32,05,6/11/2015
40,42,10,30,28,02,6/13/2015
10,17,39,04,22,01,6/16/2015
02,16,07,29,11,15,6/18/2015
30,36,34,35,38,19,6/20/2015
12,27,18,09,37,01,6/23/2015
19,05,42,17,22,14,6/25/2015
24,36,05,29,06,13,6/27/2015
34,16,20,15,07,28,6/30/2015
42,34,25,35,09,37,7/2/2015
26,39,33,12,41,32,7/4/2015
07,41,37,16,18,28,7/7/2015
30,03,26,34,37,22,7/9/2015
22,11,27,28,21,39,7/11/2015
05,40,19,13,29,21,7/14/2015
15,25,03,26,02,08,7/16/2015
15,10,07,23,40,18,7/18/2015
10,26,29,15,02,18,7/21/2015
37,18,09,27,29,32,7/23/2015
35,13,09,22,14,29,7/25/2015
10,33,12,09,14,18,7/28/2015
37,06,33,28,32,42,7/30/2015
07,14,25,31,27,19,8/1/2015
23,25,37,20,21,34,8/4/2015
01,40,05,12,17,15,8/6/2015
12,36,34,04,25,05,8/8/2015
28,39,22,15,24,27,8/11/2015
42,22,32,27,31,11,8/13/2015
25,36,31,08,27,10,8/15/2015
08,22,32,40,13,07,8/18/2015
30,24,38,35,19,09,8/20/2015
10,24,28,21,33,07,8/22/2015
41,15,12,38,09,19,8/25/2015
29,13,10,16,11,02,8/27/2015
12,04,20,31,19,25,8/29/2015
27,23,08,09,22,30,9/1/2015
16,27,20,23,22,18,9/3/2015
16,28,30,07,26,39,9/5/2015
37,40,33,11,28,16,9/8/2015
11,06,41,42,09,39,9/12/2015
39,05,26,03,20,42,9/15/2015
27,38,39,03,34,28,9/17/2015
15,22,28,36,24,38,9/19/2015
24,15,34,04,38,35,9/22/2015
29,15,08,40,10,36,9/24/2015
41,21,36,11,38,39,9/26/2015
30,19,21,09,13,01,9/29/2015
07,15,10,37,19,22,10/1/2015
26,35,11,42,20,29,10/3/2015
23,34,13,14,39,32,10/6/2015
17,36,32,02,21,38,10/8/2015
18,01,41,15,40,16,10/10/2015
12,13,09,39,36,14,10/13/2015
33,24,17,30,26,21,10/15/2015
33,17,34,28,24,15,10/17/2015
14,18,19,24,32,01,10/20/2015
41,23,24,01,13,36,10/22/2015
40,22,14,37,23,03,10/24/2015
34,13,24,08,40,12,10/27/2015
40,09,12,31,03,33,10/29/2015
21,08,06,15,27,30,10/31/2015
25,27,02,20,29,36,11/3/2015
18,30,13,38,39,32,11/5/2015
01,06,04,24,11,17,11/7/2015
10,28,23,21,14,03,11/10/2015
33,30,42,17,32,15,11/12/2015
19,21,02,31,15,14,11/14/2015
30,20,23,16,40,14,11/17/2015
07,19,03,37,25,12,11/19/2015
32,06,36,16,12,04,11/21/2015
10,31,32,01,30,37,11/24/2015
21,36,20,12,13,41,11/26/2015
39,19,21,15,07,22,11/28/2015
12,17,31,33,07,35,12/1/2015
18,34,41,26,01,19,12/3/2015
42,40,22,28,05,30,12/5/2015
26,31,33,22,40,25,12/8/2015
39,09,37,12,42,11,9/10/2015
23,25,39,33,35,20,12/10/2015
20,11,12,04,32,01,12/12/2015
19,14,40,21,22,20,12/15/2015
23,13,27,25,32,26,12/17/2015
25,04,28,42,38,31,12/19/2015
32,27,37,18,36,24,12/22/2015
11,13,15,36,39,37,12/24/2015
11,05,34,08,37,28,12/26/2015
31,12,14,03,42,04,12/29/2015
20,42,32,01,40,38,12/31/2015
16,04,31,25,07,13,1/2/2016
40,03,02,11,14,28,1/5/2016
18,03,29,32,04,42,1/7/2016
07,21,31,26,03,12,1/9/2016
08,39,32,03,41,21,1/12/2016
15,36,25,06,42,34,1/14/2016
09,41,26,24,17,25,1/16/2016
27,19,34,40,16,22,1/19/2016
29,42,35,25,16,10,1/21/2016
29,04,19,25,35,12,1/23/2016
40,41,31,16,34,22,1/26/2016
38,13,25,01,03,04,1/28/2016
15,10,19,28,07,26,1/30/2016
33,19,28,17,39,40,2/2/2016
39,35,32,09,13,37,2/4/2016
14,35,37,09,21,17,2/6/2016
07,13,05,04,33,12,2/9/2016
42,39,23,07,02,22,2/11/2016
30,25,15,02,16,35,2/13/2016
38,19,31,01,28,40,2/16/2016
12,01,39,06,17,32,2/18/2016
23,40,01,42,18,25,2/20/2016
32,04,11,08,31,26,2/23/2016
34,21,16,05,14,11,2/25/2016
03,06,14,37,21,23,2/27/2016
05,07,37,04,19,13,3/1/2016
19,02,31,42,21,08,3/3/2016
10,22,17,06,28,05,3/5/2016
21,27,09,31,26,30,3/8/2016
34,27,07,15,24,19,3/10/2016
20,06,27,38,22,04,3/12/2016
30,20,15,01,41,40,3/15/2016
13,23,38,10,34,36,3/17/2016
03,26,31,36,39,30,3/19/2016
08,19,13,24,25,35,3/22/2016
18,32,01,10,16,02,3/29/2016
05,27,07,14,35,17,3/31/2016
26,01,11,14,42,02,4/2/2016
12,37,34,11,21,24,4/5/2016
23,15,04,07,06,36,4/7/2016
38,12,05,35,07,36,4/9/2016
06,21,34,32,29,36,4/12/2016
11,21,38,06,15,26,4/14/2016
14,23,15,33,19,12,4/16/2016
34,32,09,27,05,21,4/19/2016
18,37,13,15,22,36,4/21/2016
18,05,07,29,01,41,4/23/2016
30,40,11,33,25,39,4/26/2016
18,07,08,17,32,16,4/28/2016
28,11,01,02,17,09,4/30/2016
18,24,09,13,22,17,5/3/2016
38,24,40,20,39,13,5/5/2016
08,23,38,04,21,14,5/7/2016
13,06,24,17,30,28,5/10/2016
06,29,13,09,35,18,5/12/2016
28,31,41,11,29,42,5/14/2016
05,35,23,12,13,38,5/17/2016
08,15,02,09,10,20,5/19/2016
37,10,31,05,17,02,5/21/2016
42,01,26,14,06,36,5/24/2016
18,23,15,12,31,29,5/26/2016
12,19,32,15,25,02,5/28/2016
19,37,09,07,23,02,5/31/2016
41,07,22,08,16,26,6/2/2016
16,01,06,11,32,09,6/4/2016
06,29,04,05,20,40,6/7/2016
18,34,14,37,12,28,6/9/2016
34,32,13,41,35,18,6/11/2016
29,01,27,16,28,11,6/14/2016
42,19,34,30,03,31,6/16/2016
38,30,03,10,08,36,6/18/2016
40,37,30,23,18,15,6/21/2016
35,37,32,17,34,16,6/23/2016
34,24,08,35,36,10,6/25/2016
22,28,42,35,02,03,6/28/2016
34,02,14,20,40,39,6/30/2016
42,24,25,05,38,23,7/2/2016
04,09,06,18,30,39,7/5/2016
06,31,02,36,03,17,7/7/2016
23,26,35,38,07,20,7/9/2016
18,12,35,07,29,13,7/12/2016
04,25,11,10,05,08,7/14/2016
10,40,14,22,13,34,7/16/2016
31,33,05,09,06,36,7/19/2016
02,04,39,18,12,37,7/21/2016
19,10,11,34,02,26,7/23/2016
31,26,23,15,36,33,7/26/2016
36,42,24,04,15,12,7/28/2016
16,33,21,39,40,20,7/30/2016
35,17,39,18,06,22,8/2/2016
33,35,13,27,05,12,8/4/2016
31,01,10,34,12,11,8/6/2016
15,37,12,02,40,14,8/9/2016
08,23,28,27,07,09,8/11/2016
28,26,14,03,15,05,8/13/2016
34,18,35,41,21,33,8/16/2016
40,03,37,19,14,01,8/18/2016
31,01,32,06,12,07,8/20/2016
33,34,02,30,37,20,8/23/2016
40,39,11,16,32,35,8/25/2016
37,20,03,41,13,17,8/27/2016
19,08,15,26,32,36,8/30/2016
13,23,29,30,17,34,9/1/2016
17,06,13,21,22,16,9/3/2016
41,40,04,17,19,25,9/6/2016
22,04,02,26,31,20,9/8/2016
08,23,35,25,33,34,9/10/2016
38,17,34,37,09,16,9/13/2016
33,07,38,02,42,18,9/15/2016
10,31,32,19,25,14,9/17/2016
14,15,36,10,05,04,9/20/2016
40,31,18,15,14,41,9/22/2016
16,05,27,07,01,25,9/24/2016
39,27,24,30,04,17,9/27/2016
36,42,27,40,34,32,9/29/2016
02,31,38,03,20,19,10/1/2016
01,42,10,22,24,06,10/4/2016
20,17,16,24,29,19,10/6/2016
38,30,29,22,09,05,10/8/2016
21,25,10,13,30,29,10/11/2016
06,03,11,30,32,01,10/13/2016
31,18,15,02,23,17,10/15/2016
16,02,22,35,13,05,10/18/2016
34,25,24,18,30,12,10/20/2016
09,10,21,31,41,02,10/22/2016
40,02,16,38,12,06,10/25/2016
07,31,16,06,01,42,10/27/2016
32,33,08,14,12,22,10/29/2016
14,30,35,02,34,10,11/1/2016
15,28,18,01,24,19,11/3/2016
39,34,04,35,03,19,11/5/2016
33,29,12,38,15,31,11/8/2016
36,21,18,30,03,16,11/10/2016
15,04,14,05,12,39,11/12/2016
25,20,22,16,40,11,11/15/2016
35,27,08,36,37,06,11/17/2016
15,32,05,20,31,01,11/19/2016
05,25,26,33,41,29,11/22/2016
06,12,22,05,24,15,11/24/2016
40,29,41,25,30,05,11/26/2016
11,07,12,36,06,42,11/29/2016
23,33,26,32,12,05,12/1/2016
02,27,07,39,32,19,12/3/2016
42,20,08,21,29,23,12/6/2016
36,05,42,32,02,16,12/8/2016
28,15,03,20,18,22,12/10/2016
41,01,20,28,24,35,12/13/2016
12,31,26,40,18,14,12/15/2016
25,03,01,37,23,17,12/17/2016
39,25,13,09,01,29,12/20/2016
40,35,31,36,04,02,12/22/2016
01,02,08,28,09,06,12/24/2016
40,37,33,14,11,30,12/27/2016
04,21,06,13,08,34,12/29/2016
29,15,06,24,33,17,12/31/2016
15,11,16,17,33,32,1/3/2017
32,02,39,06,41,09,1/5/2017
12,06,04,17,31,15,1/7/2017
13,32,12,29,11,22,1/10/2017
07,28,15,17,30,16,1/12/2017
14,22,09,18,37,01,1/14/2017
27,01,36,15,31,37,1/17/2017
40,04,02,31,23,30,1/19/2017
01,38,17,28,34,39,1/21/2017
08,32,31,29,06,03,1/24/2017
09,06,03,39,04,32,1/26/2017
17,35,13,08,14,25,1/28/2017
36,10,31,29,15,02,1/31/2017
15,07,27,37,30,20,2/2/2017
10,23,03,04,18,01,2/4/2017
40,07,31,12,03,18,2/7/2017
08,11,34,25,22,07,2/9/2017
08,20,18,15,10,32,2/11/2017
40,27,31,24,26,21,2/14/2017
37,29,22,30,28,41,2/16/2017
17,11,29,10,21,16,2/18/2017
23,34,25,08,21,03,2/21/2017
04,17,11,05,33,16,2/23/2017
27,19,28,35,42,03,2/25/2017
29,25,02,37,20,33,2/28/2017
08,36,06,22,10,01,3/2/2017
25,41,16,37,08,35,3/4/2017
22,03,18,34,39,31,3/7/2017
07,28,08,10,36,20,3/9/2017
03,05,18,16,09,31,3/11/2017
20,31,41,14,19,34,3/14/2017
17,29,23,28,06,21,3/16/2017
21,24,18,40,36,04,3/18/2017
03,21,12,07,38,15,3/21/2017
04,31,41,20,24,12,3/23/2017
08,04,01,14,06,41,3/25/2017
25,03,23,33,26,38,3/28/2017
13,03,23,18,34,24,3/30/2017
08,41,10,38,16,34,4/1/2017
08,33,27,31,04,19,4/4/2017
26,20,12,32,05,28,4/6/2017
16,05,15,08,04,20,4/8/2017
32,28,11,12,27,10,4/11/2017
14,38,35,07,21,32,4/18/2017
26,05,33,07,36,24,4/20/2017
41,10,04,20,28,02,4/22/2017
37,20,07,28,09,08,4/25/2017
10,35,39,23,19,32,4/27/2017
23,15,42,40,39,07,4/29/2017
33,41,27,06,05,14,5/2/2017
34,30,31,15,40,41,5/4/2017
18,42,29,13,36,38,5/6/2017
02,20,01,38,37,39,5/9/2017
15,37,21,17,36,06,5/11/2017
19,22,14,20,32,18,5/13/2017
05,39,01,31,04,16,5/16/2017
12,06,01,25,31,35,5/18/2017
38,41,08,22,04,17,5/20/2017
16,35,21,01,30,13,5/23/2017
24,20,11,12,16,02,5/25/2017
15,40,12,18,23,27,5/27/2017
05,25,04,02,15,22,5/30/2017
09,31,35,30,19,06,6/1/2017
28,22,31,40,24,20,6/3/2017
05,13,25,01,37,30,6/6/2017
03,40,27,35,42,09,6/8/2017
23,42,02,06,13,19,6/10/2017
13,36,05,06,25,08,6/13/2017
07,37,20,02,18,40,6/15/2017
33,16,29,18,32,39,6/17/2017
14,24,13,12,11,25,6/20/2017
13,16,27,12,06,21,6/22/2017
13,40,02,41,07,21,6/24/2017
10,20,34,35,30,06,6/27/2017
04,40,14,38,08,21,6/29/2017
11,32,40,31,41,21,7/1/2017
34,05,32,36,10,29,7/4/2017
05,36,01,04,27,41,7/6/2017
10,07,37,33,40,04,7/8/2017
23,31,01,08,07,18,7/11/2017
36,28,14,17,34,11,7/13/2017
19,18,12,42,01,28,7/15/2017
31,13,27,36,04,05,7/18/2017
29,02,10,09,04,24,7/20/2017
37,17,29,21,03,14,7/22/2017
25,06,33,38,28,31,7/25/2017
34,39,25,15,23,03,7/27/2017
02,42,05,13,26,10,7/29/2017
42,35,07,29,09,10,8/1/2017
30,42,20,24,10,22,8/3/2017
12,24,42,35,19,38,8/5/2017
30,07,19,01,31,25,8/8/2017
28,08,12,18,40,29,8/10/2017
17,18,04,30,33,14,8/12/2017
10,35,38,15,08,30,8/15/2017
32,13,33,37,09,11,8/17/2017
35,37,29,16,11,06,8/19/2017
17,30,02,42,23,29,8/22/2017
13,25,34,36,32,33,8/24/2017
24,37,38,41,22,36,8/26/2017
05,28,22,01,41,21,8/29/2017
27,14,17,02,25,04,8/31/2017
32,36,03,04,28,41,9/2/2017
42,39,05,29,06,12,9/5/2017
42,41,26,30,27,28,9/7/2017
10,41,21,11,29,37,9/9/2017
19,24,26,38,01,12,9/12/2017
12,20,11,16,38,31,9/14/2017
38,27,05,22,01,34,9/16/2017
24,27,25,06,35,42,9/19/2017
07,16,39,05,04,23,9/21/2017
22,19,11,21,13,31,9/23/2017
23,07,19,24,06,41,9/26/2017
20,18,30,08,02,25,9/28/2017
09,39,08,36,12,27,9/30/2017
31,28,07,12,01,17,10/3/2017
09,12,07,21,11,03,10/5/2017
40,09,21,30,23,02,10/7/2017
08,07,27,19,05,36,10/10/2017
33,39,21,16,37,06,10/12/2017
01,11,04,13,19,36,10/14/2017
24,16,20,28,09,07,10/17/2017
11,38,28,32,15,16,10/19/2017
34,19,07,31,03,26,10/21/2017
07,30,23,01,12,28,10/24/2017
13,36,16,30,37,11,10/26/2017
22,02,15,11,20,31,10/28/2017
20,42,08,14,25,15,10/31/2017
18,31,11,19,03,42,11/2/2017
10,08,19,25,42,26,11/4/2017
33,15,30,36,09,34,11/7/2017
27,17,37,07,12,06,11/9/2017
23,30,03,06,09,25,11/11/2017
28,21,04,23,27,10,11/14/2017
08,38,28,42,17,30,11/16/2017
02,15,37,20,12,38,11/18/2017
32,26,38,07,24,31,11/21/2017
34,24,40,01,16,28,11/23/2017
01,11,35,22,29,07,11/25/2017
01,16,28,39,17,07,11/28/2017
27,03,33,31,26,09,11/30/2017
27,04,33,30,39,21,12/2/2017
30,11,23,15,14,21,12/5/2017
21,24,10,37,27,09,12/7/2017
25,04,12,27,30,11,12/9/2017
40,17,20,18,24,15,12/12/2017
14,05,16,28,23,01,12/14/2017
08,03,13,22,26,19,12/16/2017
17,02,34,28,18,04,12/19/2017
03,36,26,39,27,19,12/21/2017
31,39,18,16,29,41,12/23/2017
39,34,33,14,41,02,12/26/2017
38,17,10,30,06,16,12/28/2017
41,11,05,10,38,28,12/30/2017
17,16,19,29,04,14,1/2/2018
26,16,30,19,05,11,1/4/2018
40,28,15,13,11,24,1/6/2018
07,11,27,28,42,34,1/9/2018
01,38,41,24,03,11,1/11/2018
02,25,32,12,08,31,1/13/2018
04,38,12,08,32,07,1/16/2018
01,40,35,37,17,05,1/18/2018
06,25,29,30,38,16,1/20/2018
05,11,31,42,24,33,1/23/2018
24,10,05,02,16,26,1/25/2018
07,12,06,30,04,24,1/27/2018
02,06,11,20,12,35,1/30/2018
13,30,34,06,18,14,2/1/2018
22,14,19,03,21,29,2/3/2018
29,09,01,04,36,21,2/6/2018
07,32,08,30,11,19,2/8/2018
30,23,41,06,08,18,2/10/2018
19,31,21,22,07,35,2/13/2018
24,21,01,39,22,28,2/15/2018
22,40,41,33,19,05,2/17/2018
40,02,35,21,25,34,2/20/2018
18,30,41,27,35,25,2/22/2018
12,25,09,34,17,32,2/24/2018
19,12,36,26,10,28,2/27/2018
14,42,40,07,34,25,3/1/2018
35,24,08,30,19,39,3/3/2018
05,39,37,30,04,23,3/6/2018
38,25,27,14,24,36,3/8/2018
26,41,42,03,39,38,3/10/2018
41,02,36,32,03,28,3/13/2018
27,17,02,37,42,09,3/15/2018
24,23,12,31,08,09,3/17/2018
34,11,30,26,38,05,3/20/2018
42,20,39,06,04,15,3/22/2018
17,08,04,21,32,31,3/24/2018
38,08,01,05,34,22,3/27/2018
27,38,36,29,07,19,4/3/2018
08,40,22,20,31,03,4/5/2018
36,26,30,11,18,16,4/7/2018
31,39,02,25,34,11,4/10/2018
33,09,12,32,29,27,4/12/2018
18,41,29,10,35,03,4/14/2018
06,41,42,04,30,39,4/17/2018
31,29,11,14,23,16,4/19/2018
04,11,33,14,12,39,4/21/2018
03,23,41,12,08,25,4/24/2018
32,04,13,22,23,41,4/26/2018
37,42,03,22,35,02,4/28/2018
31,14,12,17,36,28,5/1/2018
23,22,25,26,12,01,5/3/2018
15,05,39,24,01,12,5/5/2018
04,26,23,38,17,07,5/8/2018
03,09,18,37,10,41,5/10/2018
15,40,24,25,16,39,5/12/2018
42,38,10,13,40,03,5/15/2018
18,05,33,14,30,06,5/17/2018
16,38,18,08,04,29,5/19/2018
11,30,26,33,29,08,5/22/2018
30,29,15,02,37,27,5/24/2018
16,13,38,34,21,23,5/26/2018
14,33,01,13,28,40,5/29/2018
31,03,36,15,24,30,5/31/2018
23,35,24,25,29,17,6/2/2018
26,24,01,17,41,30,6/5/2018
11,29,36,33,35,27,6/7/2018
21,22,30,37,40,12,6/9/2018
36,20,35,30,05,14,6/12/2018
03,02,21,10,36,24,6/14/2018
08,41,23,38,02,29,6/16/2018
30,32,34,24,39,11,6/19/2018
30,01,23,39,16,08,6/21/2018
08,27,32,20,40,42,6/23/2018
27,15,07,39,26,19,6/26/2018
30,16,35,01,23,34,6/28/2018
06,38,42,39,20,27,6/30/2018
21,32,19,13,42,41,7/3/2018
04,15,34,27,29,30,7/5/2018
36,02,11,07,39,33,7/7/2018
16,32,27,40,31,24,7/10/2018
39,22,13,30,12,35,7/12/2018
08,33,35,26,12,31,7/14/2018
31,30,12,37,34,28,7/17/2018
41,09,13,36,39,30,7/19/2018
31,33,29,17,06,39,7/21/2018
34,07,01,04,32,14,7/24/2018
08,22,02,35,33,12,7/26/2018
28,13,09,33,37,42,7/28/2018
38,40,05,23,32,02,7/31/2018
14,39,08,36,26,16,8/2/2018
40,01,11,28,05,22,8/4/2018
19,22,01,32,13,24,8/7/2018
02,16,18,41,29,35,8/9/2018
27,29,39,37,07,20,8/11/2018
36,08,39,26,30,32,8/14/2018
23,30,10,36,18,15,8/16/2018
34,06,25,38,14,01,8/18/2018
16,08,09,20,38,28,8/21/2018
15,13,16,01,36,22,8/23/2018
26,35,28,22,23,30,8/25/2018
22,04,07,13,24,18,8/28/2018
09,14,29,38,16,34,8/30/2018
36,13,10,06,03,14,9/1/2018
15,36,02,30,24,42,9/4/2018
37,15,13,01,06,04,9/6/2018
13,21,23,26,10,35,9/8/2018
17,31,14,02,38,21,9/11/2018
30,14,05,35,03,09,9/13/2018
17,38,39,37,42,24,9/15/2018
05,41,16,07,35,11,9/18/2018
15,32,16,07,09,24,9/20/2018
11,01,28,34,33,22,9/22/2018
19,42,14,08,22,09,9/25/2018
20,25,10,17,42,18,9/27/2018
37,03,24,09,02,12,9/29/2018
21,34,19,22,04,32,10/2/2018
26,28,02,29,35,27,10/4/2018
31,17,21,11,29,01,10/6/2018
33,11,32,29,12,18,10/9/2018
20,33,22,07,14,11,10/11/2018
06,34,40,10,32,02,10/13/2018
14,04,25,10,29,32,10/16/2018
39,18,08,16,17,01,10/18/2018
39,14,37,02,32,04,10/20/2018
20,29,27,31,03,19,10/23/2018
35,31,03,41,30,05,10/25/2018
03,21,41,05,15,01,10/27/2018
31,14,06,08,01,19,10/30/2018
39,12,26,30,16,10,11/1/2018
19,41,08,07,29,25,11/3/2018
19,02,31,10,08,22,11/6/2018
10,18,27,37,26,14,11/8/2018
12,02,32,28,22,42,11/10/2018
38,09,18,25,03,39,11/13/2018
18,33,10,38,32,25,11/15/2018
41,05,32,29,24,27,11/17/2018
20,28,30,23,16,29,11/20/2018
16,20,34,01,40,41,11/22/2018
25,32,19,29,17,28,11/24/2018
06,39,20,10,01,26,11/27/2018
19,41,04,13,05,38,11/29/2018
15,26,11,23,24,01,12/1/2018
23,15,26,32,08,17,12/4/2018
24,20,05,41,16,34,12/6/2018
08,15,13,29,07,40,12/8/2018
27,02,22,13,03,09,12/11/2018
38,11,36,08,14,19,12/13/2018
41,15,10,18,23,11,12/15/2018
40,41,32,29,04,33,12/18/2018
31,34,26,27,41,32,12/20/2018
22,09,07,08,35,26,12/22/2018
09,13,36,02,20,27,12/27/2018
36,04,19,12,15,21,12/29/2018
39,22,04,16,35,05,1/3/2019
12,42,08,23,01,19,1/5/2019
17,32,16,27,12,22,1/8/2019
30,28,12,41,14,04,1/10/2019
23,29,31,32,42,25,1/12/2019
04,31,19,20,24,08,1/15/2019
19,29,42,40,23,04,1/17/2019
42,13,04,07,19,22,1/19/2019
26,15,03,13,36,10,1/22/2019
19,29,11,01,04,12,1/24/2019
42,36,12,01,41,35,1/26/2019
27,37,08,20,14,06,1/29/2019
06,36,28,09,03,13,1/31/2019
19,36,04,31,30,05,2/2/2019
28,31,15,24,11,36,2/5/2019
14,23,18,27,07,40,2/7/2019
12,21,03,05,15,20,2/9/2019
37,05,36,04,06,40,2/12/2019
41,15,01,38,39,14,2/14/2019
39,16,42,33,03,23,2/16/2019
01,15,24,08,06,03,2/19/2019
41,24,33,13,11,14,2/21/2019
22,21,33,31,23,40,2/23/2019
33,22,16,17,10,26,2/26/2019
21,31,11,19,01,13,2/28/2019
14,32,37,22,20,27,3/2/2019
01,42,11,25,26,35,3/5/2019
14,24,29,33,34,35,3/7/2019
23,36,07,10,41,15,3/9/2019
20,29,19,31,40,39,3/12/2019
14,27,05,42,26,25,3/14/2019
41,32,07,27,22,06,3/16/2019
19,33,29,36,13,37,3/19/2019
27,39,23,18,40,25,3/21/2019
10,01,09,35,16,19,3/23/2019
26,38,42,41,31,40,3/26/2019
15,20,35,36,13,38,3/28/2019
02,06,35,13,15,21,3/30/2019
36,08,34,20,37,05,4/2/2019
32,25,19,37,03,16,4/4/2019
03,09,15,12,18,42,4/6/2019
38,35,16,04,03,31,4/9/2019
09,20,17,27,18,39,4/11/2019
16,35,07,41,12,26,4/13/2019
23,27,09,34,02,41,4/16/2019
31,18,37,20,22,16,4/23/2019
24,38,36,27,09,05,4/25/2019
08,21,20,31,12,38,4/27/2019
18,33,19,17,26,25,4/30/2019
34,13,28,20,18,23,5/2/2019
16,14,40,05,09,22,5/4/2019
27,41,02,30,06,17,5/7/2019
42,08,07,35,17,28,5/9/2019
37,38,07,18,21,23,5/11/2019
05,22,32,08,06,09,5/14/2019
08,09,30,18,22,38,5/16/2019
24,23,34,35,06,37,5/18/2019
19,34,25,01,04,13,5/21/2019
37,28,09,21,33,13,5/23/2019
04,02,09,19,34,07,5/25/2019
15,18,32,30,08,06,5/28/2019
16,04,26,09,30,32,5/30/2019
19,32,25,06,09,40,6/1/2019
37,04,09,41,21,14,6/4/2019
37,20,17,36,34,12,6/6/2019
08,25,40,05,07,11,6/8/2019
07,36,35,27,19,08,6/11/2019
17,32,12,02,19,01,6/13/2019
25,40,42,31,37,03,6/15/2019
09,02,42,01,20,04,6/18/2019
08,29,42,06,25,36,6/20/2019
39,27,01,09,21,23,6/22/2019
40,17,20,26,21,28,6/25/2019
19,31,28,20,16,03,6/27/2019
26,28,07,18,13,10,6/29/2019
18,08,31,16,28,37,7/2/2019
25,01,05,19,22,38,7/4/2019
29,12,35,11,10,17,7/6/2019
04,22,12,38,03,01,7/9/2019
10,07,05,24,34,25,7/11/2019
34,28,07,02,08,15,7/13/2019
36,25,39,19,18,38,7/16/2019
29,16,14,25,19,38,7/18/2019
23,38,08,01,05,24,7/20/2019
07,22,01,30,04,32,7/23/2019
03,22,27,13,10,32,7/25/2019
31,17,16,05,09,32,7/27/2019
30,09,22,41,35,11,7/30/2019
01,02,39,14,18,31,8/1/2019
19,26,14,16,20,24,8/3/2019
27,23,41,38,03,07,8/6/2019
13,31,26,37,14,18,8/8/2019
18,23,29,34,21,39,8/10/2019
13,26,25,03,39,12,8/13/2019
16,06,33,37,27,21,8/15/2019
10,22,38,13,30,40,8/17/2019
19,16,15,07,08,23,8/20/2019
26,35,21,19,29,28,8/22/2019
14,36,17,13,10,02,8/24/2019
06,03,41,24,19,18,8/27/2019
08,07,40,11,05,42,8/29/2019
36,33,21,41,22,35,8/31/2019
32,06,09,24,18,04,9/3/2019
16,15,40,20,39,19,9/5/2019
40,28,31,17,34,10,9/7/2019
24,07,09,36,23,06,9/10/2019
37,03,17,25,30,31,9/12/2019
42,33,26,38,34,03,9/14/2019
42,33,26,38,34,03,9/14/2019
18,42,37,03,05,04,9/17/2019
23,21,07,33,34,39,9/19/2019
26,32,42,31,06,03,9/21/2019
35,34,06,33,16,25,9/24/2019
06,19,21,17,36,04,9/26/2019
26,27,37,07,24,25,9/28/2019
22,27,11,23,21,36,10/1/2019
16,35,31,33,06,27,10/3/2019
30,17,04,37,26,32,10/5/2019
20,24,18,30,26,34,10/8/2019
09,18,13,10,27,42,10/10/2019
19,14,09,07,15,28,10/12/2019
21,27,39,23,38,10,10/15/2019
26,17,07,13,10,40,10/17/2019
25,42,26,10,03,38,10/19/2019
07,05,23,16,31,41,10/22/2019
38,14,31,15,42,11,10/24/2019
23,39,34,16,18,42,10/26/2019
38,28,42,26,05,25,10/29/2019
39,06,12,05,14,42,10/31/2019
04,36,38,08,29,34,11/2/2019
35,18,28,32,38,23,11/5/2019
05,13,24,42,33,36,11/7/2019
27,14,15,26,11,10,11/9/2019
16,24,07,10,27,17,11/12/2019
14,25,34,30,05,18,11/14/2019
08,20,34,09,26,31,11/16/2019
03,02,40,41,05,09,11/19/2019
07,22,16,19,15,21,11/21/2019
03,22,05,28,23,01,11/23/2019
38,40,06,35,07,15,11/26/2019
10,34,02,04,38,40,11/28/2019
13,40,01,11,14,37,11/30/2019
26,23,12,01,34,17,12/3/2019
30,40,35,02,01,12,12/5/2019
09,17,20,34,06,31,12/7/2019
35,10,33,01,30,05,12/10/2019
10,14,04,03,31,37,12/12/2019
37,10,42,19,01,25,12/14/2019
02,33,30,42,06,20,12/17/2019
11,02,06,26,22,33,12/19/2019
24,32,18,39,12,28,12/21/2019
17,19,38,14,15,31,12/24/2019
05,17,19,04,20,25,12/26/2019
05,37,23,38,04,31,12/28/2019
22,16,38,40,20,25,12/31/2019
42,31,01,17,16,20,1/2/2020
39,27,05,14,09,08,1/4/2020
02,35,12,14,31,27,1/7/2020
11,40,31,30,28,18,1/9/2020
16,17,05,30,29,21,1/11/2020
40,39,20,33,13,34,1/14/2020
20,15,14,13,21,11,1/16/2020
12,18,35,10,42,05,1/18/2020
07,09,11,37,19,36,1/21/2020
25,40,09,04,02,22,1/23/2020
20,10,34,38,41,31,1/25/2020
11,14,24,38,20,16,1/28/2020
31,30,16,40,37,38,1/30/2020
05,17,29,10,09,18,2/1/2020
20,24,25,31,03,08,2/4/2020
05,19,09,30,25,35,2/6/2020
20,37,22,35,14,24,2/8/2020
23,15,03,11,22,40,2/11/2020
15,27,36,08,41,11,2/13/2020
38,18,28,15,25,27,2/15/2020
32,18,06,14,05,10,2/18/2020
41,37,23,17,05,08,2/20/2020
16,04,38,39,05,37,2/22/2020
22,16,42,03,05,38,2/25/2020
34,32,16,07,29,05,2/27/2020
24,39,23,10,42,08,2/29/2020
25,39,40,07,05,09,3/3/2020
17,24,14,39,15,20,3/5/2020
17,24,14,39,15,20,3/5/2020
14,17,11,05,03,09,3/7/2020
10,28,32,33,36,21,3/10/2020
17,30,13,41,27,25,3/12/2020
38,08,32,24,21,27,3/14/2020
38,09,42,30,08,34,3/17/2020
01,14,41,29,07,36,3/19/2020
12,36,38,21,31,23,3/21/2020
33,16,07,05,17,32,3/24/2020
30,26,08,02,33,37,3/26/2020
35,03,07,34,08,22,3/28/2020
40,32,27,22,06,07,8/8/2020
10,34,16,12,24,20,8/11/2020
14,38,16,10,31,06,8/13/2020
04,24,38,06,39,18,8/15/2020
04,33,03,11,38,28,8/18/2020
27,10,07,37,14,25,8/20/2020
02,11,21,40,12,15,8/22/2020
25,38,37,39,15,17,8/25/2020
20,23,03,14,19,05,8/27/2020
21,39,12,16,42,31,8/29/2020
29,24,21,15,36,34,9/1/2020
03,11,06,19,33,10,9/3/2020
32,18,09,25,35,42,9/5/2020
05,16,39,41,25,11,9/8/2020
17,02,10,07,18,29,9/10/2020
32,21,07,39,19,29,9/12/2020
18,25,10,28,22,27,9/15/2020
29,02,05,12,41,14,9/17/2020
24,23,10,07,31,40,9/19/2020
40,16,09,35,05,10,9/22/2020
38,09,07,18,29,12,9/24/2020
06,17,23,22,39,13,9/26/2020
24,31,03,36,02,33,9/29/2020
22,33,23,05,16,14,10/1/2020
42,31,39,22,36,19,10/3/2020
22,41,35,42,34,14,10/6/2020
37,21,23,36,02,41,10/8/2020
10,30,33,29,41,16,10/10/2020
31,29,23,10,16,04,10/13/2020
17,37,04,18,35,19,10/15/2020
27,10,14,15,38,19,10/17/2020
31,12,38,03,28,29,10/20/2020
20,02,37,25,18,06,10/22/2020
07,36,11,31,35,14,10/24/2020
07,14,01,23,42,25,10/27/2020
04,40,07,01,12,27,10/29/2020
26,27,40,21,01,41,10/31/2020
24,02,23,15,31,39,11/3/2020
21,20,04,27,32,10,11/5/2020
04,39,36,20,01,28,11/7/2020
13,04,33,14,27,01,11/10/2020
13,10,30,05,07,41,11/12/2020
29,39,41,27,23,09,11/14/2020
18,02,07,05,26,30,11/17/2020
14,34,23,05,15,22,11/19/2020
13,42,03,31,02,22,11/21/2020
24,19,41,09,39,29,11/24/2020
22,27,36,14,21,29,11/26/2020
06,22,28,32,30,12,11/28/2020
13,28,09,34,25,19,12/1/2020
25,23,05,20,39,03,12/3/2020
39,02,18,13,12,06,12/5/2020
12,39,16,02,24,36,12/8/2020
01,21,15,32,24,41,12/10/2020
22,32,03,37,28,08,12/12/2020
18,36,17,37,35,11,12/15/2020
20,11,05,22,39,25,12/17/2020
11,34,06,42,15,33,12/19/2020
04,01,28,05,27,33,12/22/2020
16,41,09,14,33,28,12/24/2020
37,23,34,24,15,22,12/26/2020
11,25,23,09,31,39,12/29/2020
24,25,13,06,34,42,12/31/2020
35,23,07,08,09,39,1/2/2021
27,36,25,31,34,07,1/5/2021
16,03,11,26,25,09,1/7/2021
08,33,09,25,34,17,1/9/2021
38,33,01,40,27,06,1/12/2021
22,04,30,17,33,01,1/14/2021
28,09,21,40,29,32,1/16/2021
22,13,27,35,16,02,1/19/2021
32,01,10,06,41,35,1/21/2021
05,02,12,26,28,04,1/23/2021
03,09,23,41,19,24,1/26/2021
18,35,30,29,26,19,1/28/2021
22,18,16,20,13,30,1/30/2021
38,25,37,12,09,18,2/2/2021
27,13,03,19,37,10,2/4/2021
20,07,30,18,05,17,2/6/2021
13,17,20,02,05,26,2/9/2021
16,30,03,12,21,23,2/11/2021
30,41,04,08,27,33,2/13/2021
37,36,05,10,08,16,2/16/2021
30,01,17,38,42,18,2/18/2021
37,02,31,26,15,38,2/20/2021
01,39,40,37,24,04,2/23/2021
04,24,08,02,12,17,2/25/2021
26,18,35,37,23,29,2/27/2021
25,02,18,38,12,28,3/2/2021
19,04,30,25,24,14,3/4/2021
28,24,25,32,20,29,3/6/2021
15,28,38,04,36,42,3/9/2021
38,18,04,39,20,32,3/11/2021
28,25,15,04,38,17,3/13/2021
34,30,19,15,38,24,3/16/2021
20,01,19,23,29,33,3/18/2021
02,32,22,17,37,21,3/20/2021
22,21,25,12,31,15,3/23/2021
27,04,17,31,39,16,3/25/2021
38,25,32,09,10,04,3/27/2021
13,24,39,40,02,09,3/30/2021
21,33,23,18,03,12,4/6/2021
11,19,02,26,16,39,4/8/2021
12,16,06,14,37,36,4/10/2021
14,26,07,18,05,37,4/13/2021
42,10,21,33,22,41,4/15/2021
37,32,02,22,03,20,4/17/2021
35,30,10,09,05,25,4/20/2021
12,24,39,17,21,19,4/22/2021
19,18,35,09,37,01,4/24/2021
15,31,41,02,19,25,4/27/2021
19,32,27,05,13,40,4/29/2021
41,11,12,35,06,05,5/1/2021
08,14,29,22,02,06,5/4/2021
41,14,34,23,19,02,5/6/2021
15,36,03,24,06,08,5/8/2021
22,14,26,11,04,41,5/11/2021
32,40,20,12,05,42,5/13/2021
14,29,21,40,13,27,5/15/2021
02,26,20,07,22,32,5/18/2021
09,15,28,36,02,42,5/20/2021
35,36,33,14,04,37,5/22/2021
15,26,01,29,40,36,5/25/2021
05,39,31,11,21,25,5/27/2021
27,41,24,13,26,23,5/29/2021
20,24,11,37,26,31,6/1/2021
24,40,01,32,06,14,6/3/2021
21,05,09,03,01,12,6/5/2021
01,07,32,42,22,38,6/8/2021
35,15,42,27,13,17,6/10/2021
16,01,35,09,41,06,6/12/2021
38,26,05,21,39,33,6/15/2021
42,41,21,06,09,08,6/17/2021
23,02,31,20,06,28,6/19/2021
13,29,14,35,23,07,6/22/2021
06,04,34,32,01,36,6/24/2021
36,22,08,30,15,14,6/26/2021
07,04,32,24,41,02,6/29/2021
09,02,20,26,01,32,7/1/2021
15,03,35,25,39,27,7/3/2021
32,17,31,12,39,07,7/6/2021
18,14,32,17,25,34,7/8/2021
01,04,17,33,03,27,7/10/2021
06,25,36,21,39,28,7/13/2021
34,39,29,20,36,19,7/15/2021
32,27,08,34,09,21,7/17/2021
15,31,24,10,40,17,7/20/2021
04,09,41,33,20,29,7/22/2021
30,12,19,31,34,39,7/24/2021
38,04,08,42,41,18,7/27/2021
07,35,21,33,12,29,7/29/2021
06,11,39,28,07,29,7/31/2021
14,36,26,25,29,16,8/3/2021
11,33,08,29,07,19,8/5/2021
24,37,15,26,22,31,8/7/2021
15,10,12,41,02,29,8/10/2021
20,09,15,13,33,40,8/12/2021
32,14,02,22,17,42,8/14/2021
29,32,03,34,25,19,8/17/2021
20,33,26,15,04,11,8/19/2021
01,05,41,26,03,09,8/21/2021
17,09,34,05,42,08,8/24/2021
41,17,33,34,01,15,8/26/2021
21,25,41,02,17,29,8/28/2021
27,16,03,37,01,31,8/31/2021
15,07,40,35,23,14,9/2/2021
30,26,41,16,14,09,9/4/2021
40,01,07,25,30,02,9/7/2021
10,40,19,23,17,06,9/9/2021
15,19,41,34,07,35,9/11/2021
08,06,02,12,35,27,9/14/2021
02,28,33,31,13,12,9/16/2021
18,29,12,02,30,08,9/18/2021
24,42,36,40,34,20,9/21/2021
03,10,33,15,34,27,9/23/2021
35,07,15,17,09,34,9/25/2021
10,06,02,09,18,29,9/28/2021
28,23,40,11,07,08,9/30/2021
16,12,04,36,22,17,10/2/2021
18,10,24,36,15,27,10/5/2021
17,13,37,38,07,09,10/7/2021
28,33,19,18,30,12,10/9/2021
14,04,30,02,33,22,10/12/2021
23,25,15,03,16,32,10/14/2021
23,25,15,03,16,32,10/14/2021
03,15,11,25,22,16,10/16/2021
26,25,28,39,16,32,10/19/2021
15,33,22,38,07,26,10/21/2021
42,03,41,19,01,07,10/23/2021
29,13,04,32,26,25,10/26/2021
37,09,25,14,28,04,10/28/2021
26,05,42,32,15,19,10/30/2021
30,15,36,20,04,29,11/2/2021
35,34,14,22,06,33,11/4/2021
24,27,29,08,22,04,11/6/2021
01,22,21,26,19,16,11/9/2021
38,15,35,25,21,16,11/11/2021
09,25,35,21,15,37,11/13/2021
35,27,04,34,31,17,11/16/2021
19,30,23,11,42,36,11/18/2021
15,12,10,38,17,01,11/20/2021
35,19,36,40,04,24,11/23/2021
38,41,21,28,02,13,11/25/2021
07,13,05,30,24,12,11/27/2021
10,14,31,09,01,33,11/30/2021
30,04,09,21,05,20,12/2/2021
21,11,19,08,42,04,12/4/2021
11,15,08,04,01,36,12/7/2021
18,39,38,11,28,03,12/9/2021
30,05,25,23,32,41,12/11/2021
06,02,23,28,05,17,12/14/2021
25,13,07,31,22,40,12/16/2021
29,35,08,39,17,10,12/18/2021
05,18,35,07,33,40,12/21/2021
13,03,08,27,15,12,12/23/2021
27,23,38,40,17,24,12/28/2021
14,41,29,13,32,02,12/30/2021
23,01,09,24,12,07,1/6/2022
12,16,08,11,01,18,1/4/2022
32,41,15,25,18,22,1/8/2022
35,28,25,36,31,03,1/11/2022
18,15,33,27,07,14,1/13/2022
18,28,16,32,29,10,1/15/2022
23,16,30,36,19,38,1/18/2022
15,05,17,07,20,33,1/20/2022
08,09,15,36,35,34,1/22/2022
24,26,06,39,20,35,1/25/2022
03,27,36,28,12,08,1/27/2022
33,27,19,35,42,14,1/29/2022
20,15,04,34,06,18,2/1/2022
32,17,18,24,30,33,2/3/2022
30,20,15,09,23,22,2/5/2022
08,28,18,23,19,39,2/8/2022
38,26,13,37,15,39,2/10/2022
07,24,25,12,15,32,2/12/2022
23,05,37,04,26,41,2/15/2022
02,01,39,14,38,24,2/17/2022
37,29,31,30,21,17,2/19/2022
13,03,06,30,21,19,2/22/2022
12,29,15,03,06,20,2/24/2022
02,16,28,10,37,15,2/26/2022
42,18,16,14,24,11,3/1/2022
10,28,31,30,33,40,3/3/2022
18,34,33,39,11,36,3/5/2022
36,32,42,15,28,12,3/8/2022
10,18,35,28,22,13,3/10/2022
25,24,18,03,41,19,3/12/2022
30,18,40,32,06,14,3/15/2022
22,05,20,01,25,07,3/17/2022
17,18,19,20,08,33,3/19/2022
34,36,07,41,40,17,3/22/2022
30,42,23,36,37,07,3/24/2022
25,41,35,39,14,26,3/26/2022
35,37,08,26,04,20,3/29/2022
27,17,19,16,33,36,3/31/2022
16,38,19,18,25,34,4/2/2022
31,22,37,04,34,05,4/5/2022
42,36,27,25,33,22,4/7/2022
16,27,09,31,07,14,4/9/2022
04,26,28,02,05,03,4/12/2022
10,11,08,30,29,26,4/19/2022
29,35,12,36,07,03,4/21/2022
21,37,28,22,39,02,4/23/2022
18,15,17,24,33,10,4/26/2022
39,24,33,06,42,25,4/28/2022
17,25,21,33,39,04,4/30/2022
07,22,19,20,40,10,5/3/2022
19,07,04,41,23,09,5/5/2022
14,24,08,16,22,37,5/7/2022
07,13,18,02,28,37,5/10/2022
15,20,33,37,10,02,5/12/2022
19,25,18,33,10,31,5/14/2022
13,08,15,33,37,22,5/17/2022
24,40,18,03,08,34,5/19/2022
37,34,32,35,08,36,5/21/2022
13,29,26,11,12,34,5/24/2022
34,41,04,29,19,18,5/26/2022
09,17,23,11,13,30,5/28/2022
25,20,29,07,21,02,5/31/2022
28,36,14,37,13,03,6/2/2022
24,35,04,07,22,02,6/4/2022
22,09,38,36,42,13,6/7/2022
39,33,18,01,24,36,6/9/2022
02,20,34,40,27,22,6/11/2022
42,38,21,06,01,41,6/14/2022
33,31,13,41,25,18,6/16/2022
08,15,11,23,36,33,6/18/2022
07,18,12,17,06,14,6/21/2022
24,05,13,39,06,40,6/23/2022
27,24,40,14,39,04,6/25/2022
18,31,26,08,23,29,6/28/2022
31,38,13,20,14,18,6/30/2022
17,10,15,09,35,01,7/2/2022
06,18,17,11,31,29,7/5/2022
09,10,42,08,13,41,7/7/2022
27,18,26,13,02,03,7/9/2022
09,33,35,12,31,08,7/12/2022
13,08,42,03,02,15,7/14/2022
41,32,31,04,08,38,7/16/2022
18,09,16,12,36,14,7/19/2022
40,19,16,07,10,21,7/21/2022
17,11,23,21,05,25,7/23/2022
24,30,32,37,02,05,7/26/2022
37,22,25,08,26,15,7/28/2022
14,33,32,11,12,15,7/30/2022
01,14,26,29,27,18,8/2/2022
29,32,12,23,01,21,8/4/2022
04,31,37,20,05,39,8/6/2022
42,19,15,40,03,33,8/9/2022
42,18,26,35,02,19,8/11/2022
26,12,20,24,39,41,8/13/2022
13,19,12,05,08,25,8/16/2022
25,33,12,07,05,18,8/18/2022
35,01,34,18,28,31,8/20/2022
36,14,28,12,23,33,8/23/2022
01,42,40,20,25,16,8/25/2022
21,25,33,32,18,23,8/27/2022
27,33,22,11,25,38,8/30/2022
15,36,07,10,18,06,9/1/2022
40,42,03,41,19,14,9/3/2022
04,36,13,42,30,21,9/6/2022
27,41,31,35,33,36,9/8/2022
31,11,02,23,19,34,9/10/2022
40,15,35,20,28,23,9/13/2022
32,23,41,04,25,21,9/15/2022
10,09,03,30,38,32,9/17/2022
10,09,03,30,38,32,9/17/2022
31,27,17,21,18,09,9/20/2022
17,23,35,18,24,19,9/22/2022
14,05,27,15,24,13,9/24/2022
32,22,19,20,11,27,9/27/2022
26,40,37,38,34,17,9/29/2022
37,42,14,09,13,04,10/1/2022
40,38,35,32,29,06,10/4/2022
10,09,14,16,28,39,10/6/2022
39,42,23,33,32,12,10/8/2022
02,08,23,40,21,06,10/11/2022
20,39,06,19,35,31,10/13/2022
31,20,17,19,09,29,10/15/2022
42,35,04,27,05,37,10/18/2022
33,01,02,22,19,25,10/20/2022
34,20,31,39,22,03,10/22/2022
28,10,30,08,01,16,10/25/2022
01,03,09,24,19,40,10/27/2022
23,13,31,37,02,25,10/29/2022
07,36,09,37,39,08,11/1/2022
10,21,28,33,13,05,11/3/2022
31,32,08,25,29,14,11/5/2022
09,06,29,07,05,19,11/8/2022
32,31,15,41,17,40,11/10/2022
02,01,25,32,16,30,11/12/2022
04,28,36,16,40,13,11/15/2022
01,33,03,37,02,13,11/17/2022
34,14,29,19,28,36,11/19/2022
05,26,32,08,13,09,11/22/2022
40,36,30,33,27,25,11/24/2022
14,42,28,20,37,26,11/26/2022
15,37,19,38,16,18,11/29/2022
24,03,18,20,28,04,12/1/2022
19,32,22,34,10,09,12/3/2022
08,19,29,25,02,41,12/6/2022
11,39,10,09,22,29,12/8/2022
15,07,28,16,13,04,12/10/2022
03,33,34,02,30,31,12/13/2022
18,28,01,27,21,29,12/15/2022
03,17,38,23,41,04,12/17/2022
42,13,09,15,24,32,12/20/2022
08,41,33,16,05,19,12/22/2022
42,17,04,40,08,09,12/24/2022
37,16,26,03,42,10,12/27/2022
27,05,26,31,19,09,12/29/2022
01,21,27,03,07,17,12/31/2022
40,25,28,13,36,39,1/3/2023
36,37,32,15,39,09,1/5/2023
18,13,39,35,06,05,1/7/2023
16,08,01,29,04,26,1/10/2023
07,42,20,05,33,31,1/12/2023
41,12,31,37,34,05,1/14/2023
34,24,02,06,33,07,1/17/2023
23,05,29,01,31,11,1/19/2023
15,19,25,09,32,11,1/21/2023
14,40,30,35,42,03,1/24/2023
05,12,18,24,04,17,1/26/2023
14,01,26,37,20,23,1/28/2023
31,41,29,25,20,08,1/31/2023
02,27,16,29,04,19,2/2/2023
24,30,01,27,04,23,2/4/2023
30,21,14,27,22,42,2/7/2023
21,18,28,20,26,17,2/9/2023
01,35,21,39,34,19,2/11/2023
26,16,13,10,39,19,2/14/2023
42,31,38,35,02,27,2/16/2023
20,25,21,33,39,36,2/18/2023
36,16,39,30,41,03,2/21/2023
26,02,20,41,21,40,2/23/2023
37,32,28,09,34,19,2/25/2023
26,14,11,08,07,22,2/28/2023
21,09,23,28,19,36,3/2/2023
03,06,26,37,35,18,3/4/2023
34,42,03,07,16,05,3/7/2023
06,18,26,29,17,11,3/9/2023
03,09,12,33,22,18,3/11/2023
30,38,02,36,29,13,3/14/2023
15,18,21,17,34,35,3/16/2023
37,34,35,13,08,12,3/18/2023
03,02,13,19,23,24,3/21/2023
33,16,05,22,15,37,3/23/2023
20,33,17,39,34,07,3/25/2023
05,35,42,02,22,20,3/28/2023